{
  "Black Sea Sprat": {
    "precision": 1.0,
    "recall": 0.98,
    "f1-score": 0.98989898989899,
    "support": 150.0
  },
  "Gilt-Head Bream": {
    "precision": 0.9933333333333333,
    "recall": 0.9933333333333333,
    "f1-score": 0.9933333333333333,
    "support": 150.0
  },
  "Hourse Mackerel": {
    "precision": 0.9933774834437086,
    "recall": 1.0,
    "f1-score": 0.9966777408637874,
    "support": 150.0
  },
  "Red Mullet": {
    "precision": 0.9867549668874173,
    "recall": 0.9933333333333333,
    "f1-score": 0.9900332225913622,
    "support": 150.0
  },
  "Red Sea Bream": {
    "precision": 0.9933333333333333,
    "recall": 0.9933333333333333,
    "f1-score": 0.9933333333333333,
    "support": 150.0
  },
  "Sea Bass": {
    "precision": 0.9868421052631579,
    "recall": 1.0,
    "f1-score": 0.9933774834437086,
    "support": 150.0
  },
  "Shrimp": {
    "precision": 0.9933774834437086,
    "recall": 1.0,
    "f1-score": 0.9966777408637874,
    "support": 150.0
  },
  "Striped Red Mullet": {
    "precision": 0.9932432432432432,
    "recall": 0.98,
    "f1-score": 0.9865771812080537,
    "support": 150.0
  },
  "Trout": {
    "precision": 1.0,
    "recall": 1.0,
    "f1-score": 1.0,
    "support": 150.0
  },
  "accuracy": 0.9933333333333333,
  "macro avg": {
    "precision": 0.9933624387719893,
    "recall": 0.9933333333333333,
    "f1-score": 0.993323225059595,
    "support": 1350.0
  },
  "weighted avg": {
    "precision": 0.9933624387719893,
    "recall": 0.9933333333333333,
    "f1-score": 0.9933232250595951,
    "support": 1350.0
  }
}