{
  "loss": [
    0.9436566233634949,
    0.26163947582244873,
    0.14254391193389893,
    0.09584561735391617,
    0.0700644850730896,
    0.05809440463781357,
    0.04651004821062088,
    0.041803449392318726,
    0.030820442363619804,
    0.02838670089840889,
    0.025675347074866295,
    0.021516337990760803,
    0.020268596708774567,
    0.01799248345196247,
    0.016806110739707947,
    0.014815937727689743,
    0.015800634399056435,
    0.014510225504636765,
    0.013430696912109852,
    0.011769061908125877
  ],
  "accuracy": [
    0.7593650817871094,
    0.9546031951904297,
    0.9753968119621277,
    0.9850793480873108,
    0.9873015880584717,
    0.9877777695655823,
    0.9911110997200012,
    0.9930158853530884,
    0.9953968524932861,
    0.995555579662323,
    0.9958730340003967,
    0.9965079426765442,
    0.996666669845581,
    0.9973015785217285,
    0.9965079426765442,
    0.9977777600288391,
    0.9958730340003967,
    0.9976190328598022,
    0.9977777600288391,
    0.9980952143669128
  ],
  "val_loss": [
    0.23875457048416138,
    0.09087294340133667,
    0.049993760883808136,
    0.03288315236568451,
    0.02616419829428196,
    0.019075004383921623,
    0.015674319118261337,
    0.012664314359426498,
    0.01017098780721426,
    0.009723101742565632,
    0.007887070998549461,
    0.007964878343045712,
    0.006074273958802223,
    0.005525198299437761,
    0.005168737377971411,
    0.0053975144401192665,
    0.003979140426963568,
    0.004358074627816677,
    0.003934817388653755,
    0.0038138602394610643
  ],
  "val_accuracy": [
    0.9918518662452698,
    0.9948148131370544,
    0.9962962865829468,
    0.9962962865829468,
    0.9962962865829468,
    0.9970370531082153,
    0.9970370531082153,
    0.9977777600288391,
    0.9985185265541077,
    0.9985185265541077,
    0.9992592334747314,
    0.9985185265541077,
    0.9985185265541077,
    0.9992592334747314,
    0.9985185265541077,
    0.9985185265541077,
    1.0,
    1.0,
    0.9985185265541077,
    0.9992592334747314
  ],
  "lr": [
    9.999999747378752e-05,
    9.999999747378752e-05,
    9.999999747378752e-05,
    9.999999747378752e-05,
    9.999999747378752e-05,
    9.999999747378752e-05,
    9.999999747378752e-05,
    9.999999747378752e-05,
    9.999999747378752e-05,
    9.999999747378752e-05,
    9.999999747378752e-05,
    9.999999747378752e-05,
    9.999999747378752e-05,
    9.999999747378752e-05,
    9.999999747378752e-05,
    9.999999747378752e-05,
    9.999999747378752e-05,
    9.999999747378752e-05,
    9.999999747378752e-05,
    9.999999747378752e-05
  ],
  "test_accuracy": 1.0,
  "test_loss": 0.0021863707806915045
}