{
  "loss": [
    1.0317753553390503,
    0.28957223892211914,
    0.18917687237262726,
    0.13211338222026825,
    0.10818343609571457,
    0.0880388543009758,
    0.07098668813705444,
    0.06758212298154831,
    0.05600492283701897,
    0.05252234265208244,
    0.04667786508798599,
    0.04276248440146446,
    0.03995003178715706,
    0.03761802241206169,
    0.03664828836917877,
    0.028565462678670883,
    0.028972584754228592,
    0.03405897319316864,
    0.027615148574113846,
    0.027272852137684822
  ],
  "accuracy": [
    0.671746015548706,
    0.9265079498291016,
    0.948888897895813,
    0.966349184513092,
    0.9747619032859802,
    0.9784126877784729,
    0.9826984405517578,
    0.9812698364257812,
    0.9861904978752136,
    0.9865079522132874,
    0.9861904978752136,
    0.9879364967346191,
    0.9898412823677063,
    0.9900000095367432,
    0.9904761910438538,
    0.9936507940292358,
    0.9925397038459778,
    0.9925397038459778,
    0.9936507940292358,
    0.993492066860199
  ],
  "val_loss": [
    0.28746485710144043,
    0.14149820804595947,
    0.10174930095672607,
    0.07732994854450226,
    0.07218974083662033,
    0.06017833575606346,
    0.05950726568698883,
    0.042667921632528305,
    0.03557233139872551,
    0.0367305614054203,
    0.030416924506425858,
    0.02605564519762993,
    0.023810120299458504,
    0.02520214579999447,
    0.02695433422923088,
    0.026820896193385124,
    0.02106563374400139,
    0.019278494641184807,
    0.02004755474627018,
    0.017278363928198814
  ],
  "val_accuracy": [
    0.9496296048164368,
    0.9725925922393799,
    0.9800000190734863,
    0.9807407259941101,
    0.982962965965271,
    0.9866666793823242,
    0.9851852059364319,
    0.9896296262741089,
    0.9911110997200012,
    0.9896296262741089,
    0.9933333396911621,
    0.9918518662452698,
    0.9933333396911621,
    0.9948148131370544,
    0.9933333396911621,
    0.9925925731658936,
    0.9933333396911621,
    0.9933333396911621,
    0.9948148131370544,
    0.995555579662323
  ],
  "lr": [
    9.999999747378752e-05,
    9.999999747378752e-05,
    9.999999747378752e-05,
    9.999999747378752e-05,
    9.999999747378752e-05,
    9.999999747378752e-05,
    9.999999747378752e-05,
    9.999999747378752e-05,
    9.999999747378752e-05,
    9.999999747378752e-05,
    9.999999747378752e-05,
    9.999999747378752e-05,
    9.999999747378752e-05,
    9.999999747378752e-05,
    9.999999747378752e-05,
    9.999999747378752e-05,
    4.999999873689376e-05,
    4.999999873689376e-05,
    4.999999873689376e-05,
    4.999999873689376e-05
  ],
  "test_accuracy": 0.9933333396911621,
  "test_loss": 0.023989582434296608
}